Workbook

Sheet PETUNJUK

Sheet SIMBUL HBS
C1: KURIKULUM TINGKAT SATUAN PENDIDIKAN ANAK USIA DINI
C2: PRESTASI HASIL BELAJAR ANAK USIA DINI
C4: SIMBUL PRESTASI | E4: KUALIFIKASI PRESTASI | G4: RENTANG NILAI
E5: A+ | F5: Istimewa | G5: 95 | H5: sd | I5: 100
E6: A | F6: Amat Baik | G6: 86 | H6: sd | I6: 94
E7: B | F7: Baik | G7: 76 | H7: sd | I7: 85
E8: C | F8: Cukup | G8: 66 | H8: sd | I8: 75

Sheet DAFNIL NAM
B1: KURIKULUM TINGKAT SATUAN PENDIDIKAN ANAK USIA DINI TK KATOLIK MATER DEI
B2: DAFTAR NILAI KEMAMPUAN PENGEMBANGAN MORAL DAN AGAMA SISWA PG3
C3: TK Kelompok PG3
C4: Semester/Tapel | D4: : Satu / 2019-2020
C5: Pengembangan Moral Dan Nilai-Nilai Agama
B6: NO | C6: NAMA SISWA | D6: KD 1.1 | J6: KD 1.2 | P6: KD 2.13 | V6: KD 3.1 - 4.1 | AB6: KD 3.2 - 4.2
D7: Mempercayai adanya Tuhan melalui ciptaan-Nya | J7: Menghargai diri sendiri, orang lain, dan lingkungan sekitar sebagai rasa syukur kepada Tuhan | P7: Memiliki perilaku yang mencerminkan sikap jujur | V7: Mengenal kegiatan beribadah sehari-hari. Melakukan kegiatan beribadah sehari-hari dengan tuntunan orang dewasa | AB7: Mengenal perilaku baik sebagai cerminan akhlak mulia. Menunjukkan perilaku santun sebagai cerminan akhlak mulia
B8: 1 | C8: Archie Manuel Ferbianto | F8: 4 | G8: 4 | I8: =AVERAGE(D8:H8) -> 4 | J8: 4 | K8: 3 | L8: 3.8 | O8: =AVERAGE(J8:N8) -> 3.6 | S8: 4 | U8: =AVERAGE(P8:T8) -> 4 | V8: 4 | W8: 3.8 | AA8: =AVERAGE(V8:Z8) -> 3.9 | AC8: 3 | AD8: 4 | AG8: =AVERAGE(AB8:AF8) -> 3.5
B9: =B8+1 -> 2 | C9: Carissa Ilona Thionne | F9: 4.8 | G9: 5 | I9: =AVERAGE(D9:H9) -> 4.9 | J9: 3 | K9: 3.5 | L9: 4.7 | M9: 4 | O9: =AVERAGE(J9:N9) -> 3.8 | S9: 3.8 | U9: =AVERAGE(P9:T9) -> 3.8 | V9: 4 | W9: 4 | AA9: =AVERAGE(V9:Z9) -> 4 | AC9: 4 | AG9: =AVERAGE(AB9:AF9) -> 4
B10: =B9+1 -> 3 | C10: Dionysius Alexander Manurung | F10: 4 | I10: =AVERAGE(D10:H10) -> 4 | J10: 4 | K10: 3 | L10: 3 | O10: =AVERAGE(J10:N10) -> 3.3333333 | S10: 3.5 | U10: =AVERAGE(P10:T10) -> 3.5 | V10: 3.5 | W10: 3.5 | AA10: =AVERAGE(V10:Z10) -> 3.5 | AC10: 3.8 | AG10: =AVERAGE(AB10:AF10) -> 3.8
B11: =B10+1 -> 4 | C11: Ethan Anka Wijaya | F11: 3.8 | I11: =AVERAGE(D11:H11) -> 3.8 | J11: 3.5 | K11: 3.3 | L11: 3.5 | O11: =AVERAGE(J11:N11) -> 3.4333333 | S11: 4 | U11: =AVERAGE(P11:T11) -> 4 | W11: 3.7 | AA11: =AVERAGE(V11:Z11) -> 3.7 | AB11: 3.5 | AC11: 3.8 | AG11: =AVERAGE(AB11:AF11) -> 3.65
B12: =B11+1 -> 5 | C12: Gregory Dresetutus Bangun | F12: 4 | G12: 5 | I12: =AVERAGE(D12:H12) -> 4.5 | J12: 4.5 | K12: 3.5 | L12: 3 | M12: 4 | O12: =AVERAGE(J12:N12) -> 3.75 | S12: 4 | U12: =AVERAGE(P12:T12) -> 4 | W12: 3.8 | AA12: =AVERAGE(V12:Z12) -> 3.8 | AB12: 3.5 | AC12: 4 | AG12: =AVERAGE(AB12:AF12) -> 3.75
B13: =B12+1 -> 6 | C13: Louisa Kinara Putri | F13: 5 | I13: =AVERAGE(D13:H13) -> 5 | J13: 4 | K13: 3.5 | L13: 3 | O13: =AVERAGE(J13:N13) -> 3.5 | S13: 3.5 | U13: =AVERAGE(P13:T13) -> 3.5 | W13: 4.5 | AA13: =AVERAGE(V13:Z13) -> 4.5 | AB13: 4 | AC13: 4 | AG13: =AVERAGE(AB13:AF13) -> 4
B14: =B13+1 -> 7 | C14: Nathania Anjani Hutagaol | F14: 5 | I14: =AVERAGE(D14:H14) -> 5 | J14: 4 | K14: 3.8 | L14: 3.5 | O14: =AVERAGE(J14:N14) -> 3.7666667 | S14: 3.8 | U14: =AVERAGE(P14:T14) -> 3.8 | W14: 4.5 | AA14: =AVERAGE(V14:Z14) -> 4.5 | AB14: 4 | AC14: 4 | AG14: =AVERAGE(AB14:AF14) -> 4
B15: =B14+1 -> 8 | C15: Nathaniel Axelio | F15: 4.5 | G15: 5 | I15: =AVERAGE(D15:H15) -> 4.75 | J15: 4 | K15: 3.5 | L15: 3.7 | O15: =AVERAGE(J15:N15) -> 3.7333333 | S15: 4 | U15: =AVERAGE(P15:T15) -> 4 | W15: 4 | AA15: =AVERAGE(V15:Z15) -> 4 | AB15: 4 | AC15: 3.5 | AD15: 4 | AG15: =AVERAGE(AB15:AF15) -> 3.8333333
B16: =B15+1 -> 9 | C16: Oktaviany Hambali Putri | F16: 4 | I16: =AVERAGE(D16:H16) -> 4 | J16: 3 | K16: 3.5 | L16: 3.5 | O16: =AVERAGE(J16:N16) -> 3.3333333 | S16: 3.5 | U16: =AVERAGE(P16:T16) -> 3.5 | W16: 3.5 | AA16: =AVERAGE(V16:Z16) -> 3.5 | AB16: 3.5 | AC16: 3.5 | AG16: =AVERAGE(AB16:AF16) -> 3.5
B17: =B16+1 -> 10 | C17: Pelangi Belia Anugerah Siahaan | F17: 3 | G17: 4 | I17: =AVERAGE(D17:H17) -> 3.5 | J17: 3.5 | K17: 3.5 | L17: 3.5 | O17: =AVERAGE(J17:N17) -> 3.5 | S17: 4 | U17: =AVERAGE(P17:T17) -> 4 | W17: 3.7 | X17: 4 | AA17: =AVERAGE(V17:Z17) -> 3.85 | AB17: 4 | AC17: 4 | AG17: =AVERAGE(AB17:AF17) -> 4
B18: =B17+1 -> 11 | C18: Valencia Laura | F18: 5 | I18: =AVERAGE(D18:H18) -> 5 | J18: 4 | K18: 3 | L18: 3.5 | O18: =AVERAGE(J18:N18) -> 3.5 | S18: 3.5 | U18: =AVERAGE(P18:T18) -> 3.5 | W18: 4.5 | AA18: =AVERAGE(V18:Z18) -> 4.5 | AB18: 3.5 | AC18: 4 | AG18: =AVERAGE(AB18:AF18) -> 3.75
B19: =B18+1 -> 12 | C19: Yocelin Nathania Manalu | F19: 4 | I19: =AVERAGE(D19:H19) -> 4 | J19: 3.5 | K19: 3 | L19: 3.3 | O19: =AVERAGE(J19:N19) -> 3.2666667 | S19: 3.8 | U19: =AVERAGE(P19:T19) -> 3.8 | W19: 3.8 | AA19: =AVERAGE(V19:Z19) -> 3.8 | AB19: 4 | AC19: 4 | AG19: =AVERAGE(AB19:AF19) -> 4
B20: =B19+1 -> 13 | I20: =AVERAGE(D20:H20) -> #DIV/0! | O20: =AVERAGE(J20:N20) -> #DIV/0! | U20: =AVERAGE(P20:T20) -> #DIV/0! | AA20: =AVERAGE(V20:Z20) -> #DIV/0! | AG20: =AVERAGE(AB20:AF20) -> #DIV/0!
B21: =B20+1 -> 14 | I21: =AVERAGE(D21:H21) -> #DIV/0! | O21: =AVERAGE(J21:N21) -> #DIV/0! | U21: =AVERAGE(P21:T21) -> #DIV/0! | AA21: =AVERAGE(V21:Z21) -> #DIV/0! | AG21: =AVERAGE(AB21:AF21) -> #DIV/0!
B22: =B21+1 -> 15 | I22: =AVERAGE(D22:H22) -> #DIV/0! | O22: =AVERAGE(J22:N22) -> #DIV/0! | U22: =AVERAGE(P22:T22) -> #DIV/0! | AA22: =AVERAGE(V22:Z22) -> #DIV/0! | AG22: =AVERAGE(AB22:AF22) -> #DIV/0!
B23: =B22+1 -> 16 | I23: =AVERAGE(D23:H23) -> #DIV/0! | O23: =AVERAGE(J23:N23) -> #DIV/0! | U23: =AVERAGE(P23:T23) -> #DIV/0! | AA23: =AVERAGE(V23:Z23) -> #DIV/0! | AG23: =AVERAGE(AB23:AF23) -> #DIV/0!
B24: =B23+1 -> 17 | I24: =AVERAGE(D24:H24) -> #DIV/0! | O24: =AVERAGE(J24:N24) -> #DIV/0! | U24: =AVERAGE(P24:T24) -> #DIV/0! | AA24: =AVERAGE(V24:Z24) -> #DIV/0! | AG24: =AVERAGE(AB24:AF24) -> #DIV/0!
B25: =B24+1 -> 18 | I25: =AVERAGE(D25:H25) -> #DIV/0! | O25: =AVERAGE(J25:N25) -> #DIV/0! | U25: =AVERAGE(P25:T25) -> #DIV/0! | AA25: =AVERAGE(V25:Z25) -> #DIV/0! | AG25: =AVERAGE(AB25:AF25) -> #DIV/0!
B26: =B25+1 -> 19 | I26: =AVERAGE(D26:H26) -> #DIV/0! | O26: =AVERAGE(J26:N26) -> #DIV/0! | U26: =AVERAGE(P26:T26) -> #DIV/0! | AA26: =AVERAGE(V26:Z26) -> #DIV/0! | AG26: =AVERAGE(AB26:AF26) -> #DIV/0!
B27: =B26+1 -> 20 | I27: =AVERAGE(D27:H27) -> #DIV/0! | O27: =AVERAGE(J27:N27) -> #DIV/0! | U27: =AVERAGE(P27:T27) -> #DIV/0! | AA27: =AVERAGE(V27:Z27) -> #DIV/0! | AG27: =AVERAGE(AB27:AF27) -> #DIV/0!
B28: =B27+1 -> 21 | I28: =AVERAGE(D28:H28) -> #DIV/0! | O28: =AVERAGE(J28:N28) -> #DIV/0! | U28: =AVERAGE(P28:T28) -> #DIV/0! | AA28: =AVERAGE(V28:Z28) -> #DIV/0! | AG28: =AVERAGE(AB28:AF28) -> #DIV/0!
B29: =B28+1 -> 22 | I29: =AVERAGE(D29:H29) -> #DIV/0! | O29: =AVERAGE(J29:N29) -> #DIV/0! | U29: =AVERAGE(P29:T29) -> #DIV/0! | AA29: =AVERAGE(V29:Z29) -> #DIV/0! | AG29: =AVERAGE(AB29:AF29) -> #DIV/0!
B30: =B29+1 -> 23 | I30: =AVERAGE(D30:H30) -> #DIV/0! | O30: =AVERAGE(J30:N30) -> #DIV/0! | U30: =AVERAGE(P30:T30) -> #DIV/0! | AA30: =AVERAGE(V30:Z30) -> #DIV/0! | AG30: =AVERAGE(AB30:AF30) -> #DIV/0!
B31: =B30+1 -> 24 | I31: =AVERAGE(D31:H31) -> #DIV/0! | O31: =AVERAGE(J31:N31) -> #DIV/0! | U31: =AVERAGE(P31:T31) -> #DIV/0! | AA31: =AVERAGE(V31:Z31) -> #DIV/0! | AG31: =AVERAGE(AB31:AF31) -> #DIV/0!
... B36: =B35+1 -> 29 | I36: =AVERAGE(D36:H36) -> #DIV/0! | O36: =AVERAGE(J36:N36) -> #DIV/0! | U36: =AVERAGE(P36:T36) -> #DIV/0! | AA36: =AVERAGE(V36:Z36) -> #DIV/0! | AG36: =AVERAGE(AB36:AF36) -> #DIV/0!
B38: Memeriksa/Menyetujui
B39: Kepala TKK Mater Dei | J39: Pengamatan Kemampuan Siswa Dengan Skala Likert
J40: A = 5 = Amat Baik | R40: E = 1 = Kurang Sekali
J41: B = 4 = Baik
B42: Sr. Rita Maria SPM, S.Pd

Sheet Rangkuman NAM
B1: KURIKULUM TINGKAT SATUAN PENDIDIKAN ANAK USIA DINI TK KATOLIK MATER DEI
B2: DAFTAR NILAI KEMAMPUAN PENGEMBANGAN MORAL DAN AGAMA SISWA TK A
C3: TK Kelompok B
C4: Semester/Tapel | D4: : Satu / 2015-2016
C5: Pengembangan Nilai-Nilai Agama Dan Moral
B6: NO | C6: NAMA SISWA | D6: KD 1.1 | G6: KD 1.2 | J6: KD 2.13 | M6: KD 3.1 - 4.1 | P6: KD 3.2 - 4.2 | S6: Rata-rata | U6: Deskripsi
D7: Mempercayai adanya Tuhan melalui ciptaan-Nya | G7: Menghargai diri sendiri, orang lain, dan lingkungan sekitar sebagai rasa syukur kepada Tuhan | J7: Memiliki perilaku yang mencerminkan sikap jujur | M7: Mengenal kegiatan beribadah sehari-hari. Melakukan kegiatan beribadah sehari-hari dengan tuntunan orang dewasa | P7: Mengenal perilaku baik sebagai cerminan akhlak mulia. Menunjukkan perilaku santun sebagai cerminan akhlak mulia | U7: Positif | V7: Rekomendasi
B8: 1 | C8: ='DAFNIL NAM'!C8 -> Archie Manuel Ferbianto | D8: ='DAFNIL NAM'!I8 -> 4 | E8: =D8/5*100 -> 80 | F8: =IF(E8>85,"BSB",IF(E8>74.09,"BSH",IF(E8>64.09,"MB",IF(E8>=40,"BB"," ")))) -> BSH | G8: ='DAFNIL NAM'!O8 -> 3.6 | H8: =G8/5*100 -> 72 | I8: =IF(H8>85,"BSB",IF(H8>74.09,"BSH",IF(H8>64.09,"MB",IF(H8>=40,"BB"," ")))) -> MB | J8: ='DAFNIL NAM'!U8 -> 4 | K8: =J8/5*100 -> 80 | L8: =IF(K8>85,"BSB",IF(K8>74.09,"BSH",IF(K8>64.09,"MB",IF(K8>=40,"BB"," ")))) -> BSH | M8: ='DAFNIL NAM'!AA8 -> 3.9 | N8: =M8/5*100 -> 78 | O8: =IF(N8>85,"BSB",IF(N8>74.09,"BSH",IF(N8>64.09,"MB",IF(N8>=40,"BB"," ")))) -> BSH | P8: ='DAFNIL NAM'!AG8 -> 3.5 | Q8: =P8/5*100 -> 70 | R8: =IF(Q8>85,"BSB",IF(Q8>74.09,"BSH",IF(Q8>64.09,"MB",IF(Q8>=40,"BB"," ")))) -> MB | S8: =(E8+H8+K8+N8+Q8)/5 -> 76 | T8: =IF(S8>85,"BSB",IF(S8>74.09,"BSH",IF(S8>64.09,"MB",IF(S8>=40,"BB"," ")))) -> BSH | U8: Perkembangan Nilai-Nilai Agama dan Moral Archie berkembang sesuai dengan usianya. Hal ini ditunjukkan oleh kemampuan Archie mempercayai adanya Tuhan melalui ciptaan-Nya misalnya menyebutkan macam-macam ciptaan Tuhan (benda-benda langit dan berbagai macam binatang). | V8: Untuk dapat mengenal perilaku baik sebagai cerminan akhlak mulia misalnya bertutur kata lembut ketika membalas percakapan masih perlu bimbingan dan motivasi dari para guru dan orang tua secara terus menerus. Terima kasih atas perhatian dan kerja samanya. Tuhan memberkati.
B9: =B8+1 -> 2 | C9: ='DAFNIL NAM'!C9 -> Carissa Ilona Thionne | D9: ='DAFNIL NAM'!I9 -> 4.9 | E9: =D9/5*100 -> 98 | F9: =IF(E9>85,"BSB",IF(E9>74.09,"BSH",IF(E9>64.09,"MB",IF(E9>=40,"BB"," ")))) -> BSB | G9: ='DAFNIL NAM'!O9 -> 3.8 | H9: =G9/5*100 -> 76 | I9: =IF(H9>85,"BSB",IF(H9>74.09,"BSH",IF(H9>64.09,"MB",IF(H9>=40,"BB"," ")))) -> BSH | J9: ='DAFNIL NAM'!U9 -> 3.8 | K9: =J9/5*100 -> 76 | L9: =IF(K9>85,"BSB",IF(K9>74.09,"BSH",IF(K9>64.09,"MB",IF(K9>=40,"BB"," ")))) -> BSH | M9: ='DAFNIL NAM'!AA9 -> 4 | N9: =M9/5*100 -> 80 | O9: =IF(N9>85,"BSB",IF(N9>74.09,"BSH",IF(N9>64.09,"MB",IF(N9>=40,"BB"," ")))) -> BSH | P9: ='DAFNIL NAM'!AG9 -> 4 | Q9: =P9/5*100 -> 80 | R9: =IF(Q9>85,"BSB",IF(Q9>74.09,"BSH",IF(Q9>64.09,"MB",IF(Q9>=40,"BB"," ")))) -> BSH | S9: =(E9+H9+K9+N9+Q9)/5 -> 82 | T9: =IF(S9>85,"BSB",IF(S9>74.09,"BSH",IF(S9>64.09,"MB",IF(S9>=40,"BB"," ")))) -> BSH | U9: Perkembangan Nilai-Nilai Agama dan Moral Carissa berkembang sesuai dengan usianya. Hal ini ditunjukkan oleh kemampuan Carissa dapat mempercayai adanya Tuhan melalui ciptaan-Nya misalnya menyebutkan macam-macam ciptaan Tuhan (benda-benda langit, berbagai macam binatang, dan benda-benda di sekitarnya). Pertahankan dan tingkatkan prestasi di kelompok A. Terima kasih atas perhatian dan kerja samanya. Tuhan memberkati.
B10: =B9+1 -> 3 | C10: ='DAFNIL NAM'!C10 -> Dionysius Alexander Manurung | D10: ='DAFNIL NAM'!I10 -> 4 | E10: =D10/5*100 -> 80 | F10: =IF(E10>85,"BSB",IF(E10>74.09,"BSH",IF(E10>64.09,"MB",IF(E10>=40,"BB"," ")))) -> BSH | G10: ='DAFNIL NAM'!O10 -> 3.3333333 | H10: =G10/5*100 -> 66.666667 | I10: =IF(H10>85,"BSB",IF(H10>74.09,"BSH",IF(H10>64.09,"MB",IF(H10>=40,"BB"," ")))) -> MB | J10: ='DAFNIL NAM'!U10 -> 3.5 | K10: =J10/5*100 -> 70 | L10: =IF(K10>85,"BSB",IF(K10>74.09,"BSH",IF(K10>64.09,"MB",IF(K10>=40,"BB"," ")))) -> MB | M10: ='DAFNIL NAM'!AA10 -> 3.5 | N10: =M10/5*100 -> 70 | O10: =IF(N10>85,"BSB",IF(N10>74.09,"BSH",IF(N10>64.09,"MB",IF(N10>=40,"BB"," ")))) -> MB | P10: ='DAFNIL NAM'!AG10 -> 3.8 | Q10: =P10/5*100 -> 76 | R10: =IF(Q10>85,"BSB",IF(Q10>74.09,"BSH",IF(Q10>64.09,"MB",IF(Q10>=40,"BB"," ")))) -> BSH | S10: =(E10+H10+K10+N10+Q10)/5 -> 72.533333 | T10: =IF(S10>85,"BSB",IF(S10>74.09,"BSH",IF(S10>64.09,"MB",IF(S10>=40,"BB"," ")))) -> MB | U10: Perkembangan Nilai-Nilai Agama dan Moral Dionysius mulai berkembang sesuai dengan usianya. Hal ini ditunjukkan oleh kemampuan Dionysius dapat mempercayai adanya Tuhan melalui ciptaan-Nya misalnya menyebutkan macam-macam ciptaan Tuhan dan buatan manusia. | V10: Untuk dapat menghargai diri sendiri, orang lain, dan lingkungan sekitar sebagai rasa syukur kepada Tuhan misalnya mengucapkan "Puji Tuhan" sebagai tanda syukur masih perlu bimbingan dan motivasi dari para guru dan orang tua secara terus menerus. Terima kasih atas perhatian dan kerja samanya. Tuhan memberkati.
B11: =B10+1 -> 4 | C11: ='DAFNIL NAM'!C11 -> Ethan Anka Wijaya | D11: ='DAFNIL NAM'!I11 -> 3.8 | E11: =D11/5*100 -> 76 | F11: =IF(E11>85,"BSB",IF(E11>74.09,"BSH",IF(E11>64.09,"MB",IF(E11>=40,"BB"," ")))) -> BSH | G11: ='DAFNIL NAM'!O11 -> 3.4333333 | H11: =G11/5*100 -> 68.666667 | I11: =IF(H11>85,"BSB",IF(H11>74.09,"BSH",IF(H11>64.09,"MB",IF(H11>=40,"BB"," ")))) -> MB | J11: ='DAFNIL NAM'!U11 -> 4 | K11: =J11/5*100 -> 80 | L11: =IF(K11>85,"BSB",IF(K11>74.09,"BSH",IF(K11>64.09,"MB",IF(K11>=40,"BB"," ")))) -> BSH | M11: ='DAFNIL NAM'!AA11 -> 3.7 | N11: =M11/5*100 -> 74 | O11: =IF(N11>85,"BSB",IF(N11>74.09,"BSH",IF(N11>64.09,"MB",IF(N11>=40,"BB"," ")))) -> MB | P11: ='DAFNIL NAM'!AG11 -> 3.65 | Q11: =P11/5*100 -> 73 | R11: =IF(Q11>85,"BSB",IF(Q11>74.09,"BSH",IF(Q11>64.09,"MB",IF(Q11>=40,"BB"," ")))) -> MB | S11: =(E11+H11+K11+N11+Q11)/5 -> 74.333333 | T11: =IF(S11>85,"BSB",IF(S11>74.09,"BSH",IF(S11>64.09,"MB",IF(S11>=40,"BB"," ")))) -> BSH | U11: Perkembangan Nilai-Nilai Agama dan Moral Ethan berkembang sesuai dengan usianya. Hal ini ditunjukkan oleh kemampuan Ethan memiliki perilaku yang mencerminkan sikap jujur misalnya dapat mengatakan yang sebenarnya dengan caranya sendiri terutama yang menyangkut tentang dirinya. | V11: Untuk dapat menghargai diri sendiri, orang lain, dan lingkungan sekitar sebagai rasa syukur kepada Tuhan misalnya mengucapkan "Puji Tuhan" sebagai tanda syukur masih perlu bimbingan dan motivasi dari para guru dan orang tua secara terus menerus. Terima kasih atas perhatian dan kerja samanya. Tuhan memberkati.
B12: =B11+1 -> 5 | C12: ='DAFNIL NAM'!C12 -> Gregory Dresetutus Bangun | D12: ='DAFNIL NAM'!I12 -> 4.5 | E12: =D12/5*100 -> 90 | F12: =IF(E12>85,"BSB",IF(E12>74.09,"BSH",IF(E12>64.09,"MB",IF(E12>=40,"BB"," ")))) -> BSB | G12: ='DAFNIL NAM'!O12 -> 3.75 | H12: =G12/5*100 -> 75 | I12: =IF(H12>85,"BSB",IF(H12>74.09,"BSH",IF(H12>64.09,"MB",IF(H12>=40,"BB"," ")))) -> BSH | J12: ='DAFNIL NAM'!U12 -> 4 | K12: =J12/5*100 -> 80 | L12: =IF(K12>85,"BSB",IF(K12>74.09,"BSH",IF(K12>64.09,"MB",IF(K12>=40,"BB"," ")))) -> BSH | M12: ='DAFNIL NAM'!AA12 -> 3.8 | N12: =M12/5*100 -> 76 | O12: =IF(N12>85,"BSB",IF(N12>74.09,"BSH",IF(N12>64.09,"MB",IF(N12>=40,"BB"," ")))) -> BSH | P12: ='DAFNIL NAM'!AG12 -> 3.75 | Q12: =P12/5*100 -> 75 | R12: =IF(Q12>85,"BSB",IF(Q12>74.09,"BSH",IF(Q12>64.09,"MB",IF(Q12>=40,"BB"," ")))) -> BSH | S12: =(E12+H12+K12+N12+Q12)/5 -> 79.2 | T12: =IF(S12>85,"BSB",IF(S12>74.09,"BSH",IF(S12>64.09,"MB",IF(S12>=40,"BB"," ")))) -> BSH | U12: Perkembangan Nilai-Nilai Agama dan Moral Gregory berkembang sesuai dengan usianya. Hal ini ditunjukkan oleh kemampuan Gregory dapat mempercayai adanya Tuhan melalui ciptaan-Nya misalnya menyebutkan macam-macam ciptaan Tuhan (benda-benda langit, berbagai macam binatang, dan benda-benda di sekitarnya). Pertahankan dan tingkatkan prestasi di kelompok A. Terima kasih atas perhatian dan kerja samanya. Tuhan memberkati.
B13: =B12+1 -> 6 | C13: ='DAFNIL NAM'!C13 -> Louisa Kinara Putri | D13: ='DAFNIL NAM'!I13 -> 5 | E13: =D13/5*100 -> 100 | F13: =IF(E13>85,"BSB",IF(E13>74.09,"BSH",IF(E13>64.09,"MB",IF(E13>=40,"BB"," ")))) -> BSB | G13: ='DAFNIL NAM'!O13 -> 3.5 | H13: =G13/5*100 -> 70 | I13: =IF(H13>85,"BSB",IF(H13>74.09,"BSH",IF(H13>64.09,"MB",IF(H13>=40,"BB"," ")))) -> MB | J13: ='DAFNIL NAM'!U13 -> 3.5 | K13: =J13/5*100 -> 70 | L13: =IF(K13>85,"BSB",IF(K13>74.09,"BSH",IF(K13>64.09,"MB",IF(K13>=40,"BB"," ")))) -> MB | M13: ='DAFNIL NAM'!AA13 -> 4.5 | N13: =M13/5*100 -> 90 | O13: =IF(N13>85,"BSB",IF(N13>74.09,"BSH",IF(N13>64.09,"MB",IF(N13>=40,"BB"," ")))) -> BSB | P13: ='DAFNIL NAM'!AG13 -> 4 | Q13: =P13/5*100 -> 80 | R13: =IF(Q13>85,"BSB",IF(Q13>74.09,"BSH",IF(Q13>64.09,"MB",IF(Q13>=40,"BB"," ")))) -> BSH | S13: =(E13+H13+K13+N13+Q13)/5 -> 82 | T13: =IF(S13>85,"BSB",IF(S13>74.09,"BSH",IF(S13>64.09,"MB",IF(S13>=40,"BB"," ")))) -> BSH | U13: Perkembangan Nilai-Nilai Agama dan Moral Kinara berkembang sesuai dengan usianya. Hal ini ditunjukkan oleh kemampuan Kinara dapat mempercayai adanya Tuhan misalnya mengenal macam-macam ciptaan Tuhan dan membedakan dengan buatan manusia. | V13: Untuk dapat menghargai diri sendiri, orang lain, dan lingkungan sekitar sebagai rasa syukur kepada Tuhan misalnya mengucapkan "Puji Tuhan" sebagai tanda syukur dan dapat memiliki perilaku yang mencerminkan sikap jujur misalnya mengatakan alasan yang sebenarnya tidak menghabiskan bekalnya masih perlu bimbingan dan motivasi dari para guru dan orang tua secara terus menerus. Terima kasih atas perhatian dan kerja samanya. Tuhan memberkati.
B14: =B13+1 -> 7 | C14: ='DAFNIL NAM'!C14 -> Nathania Anjani Hutagaol | D14: ='DAFNIL NAM'!I14 -> 5 | E14: =D14/5*100 -> 100 | F14: =IF(E14>85,"BSB",IF(E14>74.09,"BSH",IF(E14>64.09,"MB",IF(E14>=40,"BB"," ")))) -> BSB | G14: ='DAFNIL NAM'!O14 -> 3.7666667 | H14: =G14/5*100 -> 75.333333 | I14: =IF(H14>85,"BSB",IF(H14>74.09,"BSH",IF(H14>64.09,"MB",IF(H14>=40,"BB"," ")))) -> BSH | J14: ='DAFNIL NAM'!U14 -> 3.8 | K14: =J14/5*100 -> 76 | L14: =IF(K14>85,"BSB",IF(K14>74.09,"BSH",IF(K14>64.09,"MB",IF(K14>=40,"BB"," ")))) -> BSH | M14: ='DAFNIL NAM'!AA14 -> 4.5 | N14: =M14/5*100 -> 90 | O14: =IF(N14>85,"BSB",IF(N14>74.09,"BSH",IF(N14>64.09,"MB",IF(N14>=40,"BB"," ")))) -> BSB | P14: ='DAFNIL NAM'!AG14 -> 4 | Q14: =P14/5*100 -> 80 | R14: =IF(Q14>85,"BSB",IF(Q14>74.09,"BSH",IF(Q14>64.09,"MB",IF(Q14>=40,"BB"," ")))) -> BSH | S14: =(E14+H14+K14+N14+Q14)/5 -> 84.266667 | T14: =IF(S14>85,"BSB",IF(S14>74.09,"BSH",IF(S14>64.09,"MB",IF(S14>=40,"BB"," ")))) -> BSH | U14: Perkembangan Nilai-Nilai Agama dan Moral Anjani berkembang sesuai dengan usianya. Hal ini ditunjukkan oleh kemampuan Anjani dapat mempercayai adanya Tuhan misalnya mengenal macam-macam ciptaan Tuhan dan membedakan dengan buatan manusia. Pertahankan dan tingkatkan prestasi di kelompok A. Terima kasih atas perhatian dan kerja samanya. Tuhan memberkati.
B15: =B14+1 -> 8 | C15: ='DAFNIL NAM'!C15 -> Nathaniel Axelio | D15: ='DAFNIL NAM'!I15 -> 4.75 | E15: =D15/5*100 -> 95 | F15: =IF(E15>85,"BSB",IF(E15>74.09,"BSH",IF(E15>64.09,"MB",IF(E15>=40,"BB"," ")))) -> BSB | G15: ='DAFNIL NAM'!O15 -> 3.7333333 | H15: =G15/5*100 -> 74.666667 | I15: =IF(H15>85,"BSB",IF(H15>74.09,"BSH",IF(H15>64.09,"MB",IF(H15>=40,"BB"," ")))) -> BSH | J15: ='DAFNIL NAM'!U15 -> 4 | K15: =J15/5*100 -> 80 | L15: =IF(K15>85,"BSB",IF(K15>74.09,"BSH",IF(K15>64.09,"MB",IF(K15>=40,"BB"," ")))) -> BSH | M15: ='DAFNIL NAM'!AA15 -> 4 | N15: =M15/5*100 -> 80 | O15: =IF(N15>85,"BSB",IF(N15>74.09,"BSH",IF(N15>64.09,"MB",IF(N15>=40,"BB"," ")))) -> BSH | P15: ='DAFNIL NAM'!AG15 -> 3.8333333 | Q15: =P15/5*100 -> 76.666667 | R15: =IF(Q15>85,"BSB",IF(Q15>74.09,"BSH",IF(Q15>64.09,"MB",IF(Q15>=40,"BB"," ")))) -> BSH | S15: =(E15+H15+K15+N15+Q15)/5 -> 81.266667 | T15: =IF(S15>85,"BSB",IF(S15>74.09,"BSH",IF(S15>64.09,"MB",IF(S15>=40,"BB"," ")))) -> BSH | U15: Perkembangan Nilai-Nilai Agama dan Moral Axelio berkembang sesuai dengan usianya. Hal ini ditunjukkan oleh kemampuan Axelio dapat mempercayai adanya Tuhan melalui ciptaan-Nya misalnya menyebutkan macam-macam ciptaan Tuhan (benda-benda langit, berbagai macam binatang, dan benda-benda di sekitarnya). Pertahankan dan tingkatkan prestasi di kelompok A. Terima kasih atas perhatian dan kerja samanya. Tuhan memberkati.
B16: =B15+1 -> 9 | C16: ='DAFNIL NAM'!C16 -> Oktaviany Hambali Putri | D16: ='DAFNIL NAM'!I16 -> 4 | E16: =D16/5*100 -> 80 | F16: =IF(E16>85,"BSB",IF(E16>74.09,"BSH",IF(E16>64.09,"MB",IF(E16>=40,"BB"," ")))) -> BSH | G16: ='DAFNIL NAM'!O16 -> 3.3333333 | H16: =G16/5*100 -> 66.666667 | I16: =IF(H16>85,"BSB",IF(H16>74.09,"BSH",IF(H16>64.09,"MB",IF(H16>=40,"BB"," ")))) -> MB | J16: ='DAFNIL NAM'!U16 -> 3.5 | K16: =J16/5*100 -> 70 | L16: =IF(K16>85,"BSB",IF(K16>74.09,"BSH",IF(K16>64.09,"MB",IF(K16>=40,"BB"," ")))) -> MB | M16: ='DAFNIL NAM'!AA16 -> 3.5 | N16: =M16/5*100 -> 70 | O16: =IF(N16>85,"BSB",IF(N16>74.09,"BSH",IF(N16>64.09,"MB",IF(N16>=40,"BB"," ")))) -> MB | P16: ='DAFNIL NAM'!AG16 -> 3.5 | Q16: =P16/5*100 -> 70 | R16: =IF(Q16>85,"BSB",IF(Q16>74.09,"BSH",IF(Q16>64.09,"MB",IF(Q16>=40,"BB"," ")))) -> MB | S16: =(E16+H16+K16+N16+Q16)/5 -> 71.333333 | T16: =IF(S16>85,"BSB",IF(S16>74.09,"BSH",IF(S16>64.09,"MB",IF(S16>=40,"BB"," ")))) -> MB | U16: Perkembangan Nilai-Nilai Agama dan Moral Oktaviany mulai berkembang sesuai dengan usianya. Hal ini ditunjukkan oleh kemampuan Oktaviany dapat mempercayai adanya Tuhan melalui ciptaan-Nya misalnya menyebutkan macam-macam ciptaan Tuhan. | V16: Untuk dapat menghargai diri sendiri, orang lain, dan lingkungan sekitar sebagai rasa syukur kepada Tuhan misalnya mengucapkan "Puji Tuhan" sebagai tanda syukur masih perlu bimbingan dan motivasi dari para guru dan orang tua secara terus menerus. Terima kasih atas perhatian dan kerja samanya. Tuhan memberkati.
B17: =B16+1 -> 10 | C17: ='DAFNIL NAM'!C17 -> Pelangi Belia Anugerah Siahaan | D17: ='DAFNIL NAM'!I17 -> 3.5 | E17: =D17/5*100 -> 70 | F17: =IF(E17>85,"BSB",IF(E17>74.09,"BSH",IF(E17>64.09,"MB",IF(E17>=40,"BB"," ")))) -> MB | G17: ='DAFNIL NAM'!O17 -> 3.5 | H17: =G17/5*100 -> 70 | I17: =IF(H17>85,"BSB",IF(H17>74.09,"BSH",IF(H17>64.09,"MB",IF(H17>=40,"BB"," ")))) -> MB | J17: ='DAFNIL NAM'!U17 -> 4 | K17: =J17/5*100 -> 80 | L17: =IF(K17>85,"BSB",IF(K17>74.09,"BSH",IF(K17>64.09,"MB",IF(K17>=40,"BB"," ")))) -> BSH | M17: ='DAFNIL NAM'!AA17 -> 3.85 | N17: =M17/5*100 -> 77 | O17: =IF(N17>85,"BSB",IF(N17>74.09,"BSH",IF(N17>64.09,"MB",IF(N17>=40,"BB"," ")))) -> BSH | P17: ='DAFNIL NAM'!AG17 -> 4 | Q17: =P17/5*100 -> 80 | R17: =IF(Q17>85,"BSB",IF(Q17>74.09,"BSH",IF(Q17>64.09,"MB",IF(Q17>=40,"BB"," ")))) -> BSH | S17: =(E17+H17+K17+N17+Q17)/5 -> 75.4 | T17: =IF(S17>85,"BSB",IF(S17>74.09,"BSH",IF(S17>64.09,"MB",IF(S17>=40,"BB"," ")))) -> BSH | U17: Perkembangan Nilai-Nilai Agama dan Moral Pelangi berkembang sesuai dengan usianya. Hal ini ditunjukkan oleh kemampuan Pelangi dapat memiliki perilaku yang mencerminkan sikap jujur misalnya menunjukkan kesesuaian sikap dan perasaan dan mengenal perilaku baik sebagai cerminan akhlak mulia misalnya mau diarahkan tentang tata cara makan yang baik (menggunakan tangan kanan) | V17: Untuk dapat mempercayai adanya Tuhan melalui ciptaan-Nya misalnya menyebutkan macam-macam ciptaan Tuhan dan menghargai diri sendiri, orang lain, dan lingkungan sekitar sebagai rasa syukur kepada Tuhan misalnya mengucapkan "Puji Tuhan" masih perlu bimbingan dan motivasi dari para guru dan orang tua secara terus menerus. Terima kasih atas perhatian dan kerja samanya. Tuhan memberkati.
B18: =B17+1 -> 11 | C18: ='DAFNIL NAM'!C18 -> Valencia Laura | D18: ='DAFNIL NAM'!I18 -> 5 | E18: =D18/5*100 -> 100 | F18: =IF(E18>85,"BSB",IF(E18>74.09,"BSH",IF(E18>64.09,"MB",IF(E18>=40,"BB"," ")))) -> BSB | G18: ='DAFNIL NAM'!O18 -> 3.5 | H18: =G18/5*100 -> 70 | I18: =IF(H18>85,"BSB",IF(H18>74.09,"BSH",IF(H18>64.09,"MB",IF(H18>=40,"BB"," ")))) -> MB | J18: ='DAFNIL NAM'!U18 -> 3.5 | K18: =J18/5*100 -> 70 | L18: =IF(K18>85,"BSB",IF(K18>74.09,"BSH",IF(K18>64.09,"MB",IF(K18>=40,"BB"," ")))) -> MB | M18: ='DAFNIL NAM'!AA18 -> 4.5 | N18: =M18/5*100 -> 90 | O18: =IF(N18>85,"BSB",IF(N18>74.09,"BSH",IF(N18>64.09,"MB",IF(N18>=40,"BB"," ")))) -> BSB | P18: ='DAFNIL NAM'!AG18 -> 3.75 | Q18: =P18/5*100 -> 75 | R18: =IF(Q18>85,"BSB",IF(Q18>74.09,"BSH",IF(Q18>64.09,"MB",IF(Q18>=40,"BB"," ")))) -> BSH | S18: =(E18+H18+K18+N18+Q18)/5 -> 81 | T18: =IF(S18>85,"BSB",IF(S18>74.09,"BSH",IF(S18>64.09,"MB",IF(S18>=40,"BB"," ")))) -> BSH | U18: Perkembangan Nilai-Nilai Agama dan Moral Laura berkembang sesuai dengan usianya. Hal ini ditunjukkan oleh kemampuan Laura dapat mempercayai adanya Tuhan misalnya mengenal macam-macam ciptaan Tuhan dan membedakan dengan buatan manusia. | V18: Untuk dapat menghargai diri sendiri, orang lain, dan lingkungan sekitar sebagai rasa syukur kepada Tuhan misalnya mengucapkan "Puji Tuhan" sebagai tanda syukur dan dapat memiliki perilaku yang mencerminkan sikap jujur misalnya tidak menyembunyikan potongan kertas saat membuat kolase masih perlu bimbingan dan motivasi dari para guru dan orang tua secara terus menerus. Terima kasih atas perhatian dan kerja samanya. Tuhan memberkati.
B19: =B18+1 -> 12 | C19: ='DAFNIL NAM'!C19 -> Yocelin Nathania Manalu | D19: ='DAFNIL NAM'!I19 -> 4 | E19: =D19/5*100 -> 80 | F19: =IF(E19>85,"BSB",IF(E19>74.09,"BSH",IF(E19>64.09,"MB",IF(E19>=40,"BB"," ")))) -> BSH | G19: ='DAFNIL NAM'!O19 -> 3.2666667 | H19: =G19/5*100 -> 65.333333 | I19: =IF(H19>85,"BSB",IF(H19>74.09,"BSH",IF(H19>64.09,"MB",IF(H19>=40,"BB"," ")))) -> MB | J19: ='DAFNIL NAM'!U19 -> 3.8 | K19: =J19/5*100 -> 76 | L19: =IF(K19>85,"BSB",IF(K19>74.09,"BSH",IF(K19>64.09,"MB",IF(K19>=40,"BB"," ")))) -> BSH | M19: ='DAFNIL NAM'!AA19 -> 3.8 | N19: =M19/5*100 -> 76 | O19: =IF(N19>85,"BSB",IF(N19>74.09,"BSH",IF(N19>64.09,"MB",IF(N19>=40,"BB"," ")))) -> BSH | P19: ='DAFNIL NAM'!AG19 -> 4 | Q19: =P19/5*100 -> 80 | R19: =IF(Q19>85,"BSB",IF(Q19>74.09,"BSH",IF(Q19>64.09,"MB",IF(Q19>=40,"BB"," ")))) -> BSH | S19: =(E19+H19+K19+N19+Q19)/5 -> 75.466667 | T19: =IF(S19>85,"BSB",IF(S19>74.09,"BSH",IF(S19>64.09,"MB",IF(S19>=40,"BB"," ")))) -> BSH | U19: Perkembangan Nilai-Nilai Agama dan Moral Nathania berkembang sesuai dengan usianya. Hal ini ditunjukkan oleh kemampuan Nathania dapat mempercayai adanya Tuhan misalnya mengenal macam-macam ciptaan Tuhan dan mengenal perilaku baik sebagai cerminan akhlak mulia misalnya bertutur kata sopan terhadap orang tua. | V19: Untuk dapat menghargai diri sendiri, orang lain, dan lingkungan sekitar sebagai rasa syukur kepada Tuhan misalnya mengucapkan "Puji Tuhan" sebagai tanda syukur masih perlu bimbingan dan motivasi dari para guru dan orang tua secara terus menerus. Terima kasih atas perhatian dan kerja samanya. Tuhan memberkati.
B20: =B19+1 -> 13 | C20: ='DAFNIL NAM'!C20 -> 0 | D20: ='DAFNIL NAM'!I20 -> #DIV/0! | E20: =D20/5*100 -> #DIV/0! | F20: =IF(E20>85,"BSB",IF(E20>74.09,"BSH",IF(E20>64.09,"MB",IF(E20>=40,"BB"," ")))) -> #DIV/0! | G20: ='DAFNIL NAM'!O20 -> #DIV/0! | H20: =G20/5*100 -> #DIV/0! | I20: =IF(H20>85,"BSB",IF(H20>74.09,"BSH",IF(H20>64.09,"MB",IF(H20>=40,"BB"," ")))) -> #DIV/0! | J20: ='DAFNIL NAM'!U20 -> #DIV/0! | K20: =J20/5*100 -> #DIV/0! | L20: =IF(K20>85,"BSB",IF(K20>74.09,"BSH",IF(K20>64.09,"MB",IF(K20>=40,"BB"," ")))) -> #DIV/0! | M20: ='DAFNIL NAM'!AA20 -> #DIV/0! | N20: =M20/5*100 -> #DIV/0! | O20: =IF(N20>85,"BSB",IF(N20>74.09,"BSH",IF(N20>64.09,"MB",IF(N20>=40,"BB"," ")))) -> #DIV/0! | P20: ='DAFNIL NAM'!AG20 -> #DIV/0! | Q20: =P20/5*100 -> #DIV/0! | R20: =IF(Q20>85,"BSB",IF(Q20>74.09,"BSH",IF(Q20>64.09,"MB",IF(Q20>=40,"BB"," ")))) -> #DIV/0! | S20: =(E20+H20+K20+N20+Q20)/5 -> #DIV/0! | T20: =IF(S20>85,"BSB",IF(S20>74.09,"BSH",IF(S20>64.09,"MB",IF(S20>=40,"BB"," ")))) -> #DIV/0! | U20: Perkembangan Nilai-Nilai Agama dan Moral Nolan berkembang sesuai dengan usianya. Hal ini ditunjukkan oleh kemampuan Nolan dapat mempercayai adanya Tuhan melalui ciptaan-Nya misalnya membedakan benda hidup (tanaman, hewan, dan manusia) ciptaan Tuhan dan gambar benda mati (gambar tanaman, gambar hewan, dan gambar manusia) buatan manusia. Pertahankan dan tingkatkan prestasi di semester berikutnya. Terima kasih atas perhatian dan kerja samanya. Tuhan memberkati.
B21: =B20+1 -> 14 | C21: ='DAFNIL NAM'!C21 -> 0 | D21: ='DAFNIL NAM'!I21 -> #DIV/0! | E21: =D21/5*100 -> #DIV/0! | F21: =IF(E21>85,"BSB",IF(E21>74.09,"BSH",IF(E21>64.09,"MB",IF(E21>=40,"BB"," ")))) -> #DIV/0! | G21: ='DAFNIL NAM'!O21 -> #DIV/0! | H21: =G21/5*100 -> #DIV/0! | I21: =IF(H21>85,"BSB",IF(H21>74.09,"BSH",IF(H21>64.09,"MB",IF(H21>=40,"BB"," ")))) -> #DIV/0! | J21: ='DAFNIL NAM'!U21 -> #DIV/0! | K21: =J21/5*100 -> #DIV/0! | L21: =IF(K21>85,"BSB",IF(K21>74.09,"BSH",IF(K21>64.09,"MB",IF(K21>=40,"BB"," ")))) -> #DIV/0! | M21: ='DAFNIL NAM'!AA21 -> #DIV/0! | N21: =M21/5*100 -> #DIV/0! | O21: =IF(N21>85,"BSB",IF(N21>74.09,"BSH",IF(N21>64.09,"MB",IF(N21>=40,"BB"," ")))) -> #DIV/0! | P21: ='DAFNIL NAM'!AG21 -> #DIV/0! | Q21: =P21/5*100 -> #DIV/0! | R21: =IF(Q21>85,"BSB",IF(Q21>74.09,"BSH",IF(Q21>64.09,"MB",IF(Q21>=40,"BB"," ")))) -> #DIV/0! | S21: =(E21+H21+K21+N21+Q21)/5 -> #DIV/0! | T21: =IF(S21>85,"BSB",IF(S21>74.09,"BSH",IF(S21>64.09,"MB",IF(S21>=40,"BB"," ")))) -> #DIV/0! | U21: Perkembangan Nilai-Nilai Agama dan Moral Valencia berkembang sesuai dengan usianya. Hal ini ditunjukkan oleh kemampuan Valencia dapat mempercayai adanya Tuhan melalui ciptaan-Nya misalnya membedakan benda hidup (tanaman, hewan, dan manusia) ciptaan Tuhan dan benda mati (gambar tanaman, gambar hewan, dan gambar manusia) buatan manusia. | V21: Untuk dapat mengenal kegiatan beribadah sehari-hari misalnya sikap doa dengan baik masih perlu bimbingan dan motivasi dari para guru dan orang tua secara terus menerus. Terima kasih atas perhatian dan kerja samanya. Tuhan memberkati.
B22: =B21+1 -> 15 | C22: ='DAFNIL NAM'!C22 -> 0
B23: =B22+1 -> 16 | C23: ='DAFNIL NAM'!C23 -> 0
B24: =B23+1 -> 17 | C24: ='DAFNIL NAM'!C24 -> 0
B25: =B24+1 -> 18 | C25: ='DAFNIL NAM'!C25 -> 0
B26: =B25+1 -> 19 | C26: ='DAFNIL NAM'!C26 -> 0
B27: =B26+1 -> 20 | C27: ='DAFNIL NAM'!C27 -> 0
B28: =B27+1 -> 21 | C28: ='DAFNIL NAM'!C28 -> 0
B29: =B28+1 -> 22 | C29: ='DAFNIL NAM'!C29 -> 0
B30: =B29+1 -> 23 | C30: ='DAFNIL NAM'!C30 -> 0
B31: =B30+1 -> 24 | C31: ='DAFNIL NAM'!C31 -> 0
B32: =B31+1 -> 25 | C32: ='DAFNIL NAM'!C32 -> 0
B33: =B32+1 -> 26 | C33: ='DAFNIL NAM'!C33 -> 0
... B36: =B35+1 -> 29 | C36: ='DAFNIL NAM'!C36 -> 0
B38: Memeriksa/Menyetujui
B39: Kepala TKK Mater Dei | G39: Pengamatan Kemampuan Siswa Dengan Skala Likert
G40: A = 5 = Amat Baik
G41: B = 4 = Baik
B42: Sr. Rita Maria SPM, S.Pd

Sheet RAPORTAGAMA PRINT OUT
B1: NO | C1: NAMA SISWA | D1: T 1.1 | E1: P1.1 | F1: S11 | G1: T 1.2 | H1: P1.2 | I1: S1.2 | J1: T 2.13 | K1: P2.13 | L1: S2.13 | M1: T3.1 | N1: P3.1 | O1: S3.1 | P1: T3.2 | Q1: P3.2 | R1: S3.2 | S1: Rata | T1: R-pres | U1: R-Simbol | V1: POSITIF | W1: REKOMENDASI
B2: 1 | C2: =+'Rangkuman NAM'!C8 -> Archie Manuel Ferbianto | D2: ='Rangkuman NAM'!E8 -> 80 | E2: ='Rangkuman NAM'!F8 -> BSH | G2: ='Rangkuman NAM'!H8 -> 72 | H2: ='Rangkuman NAM'!I8 -> MB | J2: ='Rangkuman NAM'!K8 -> 80 | K2: ='Rangkuman NAM'!L8 -> BSH | M2: ='Rangkuman NAM'!N8 -> 78 | N2: ='Rangkuman NAM'!O8 -> BSH | P2: ='Rangkuman NAM'!Q8 -> 70 | Q2: ='Rangkuman NAM'!R8 -> MB | S2: ='Rangkuman NAM'!S8 -> 76 | T2: ='Rangkuman NAM'!T8 -> BSH | V2: ='Rangkuman NAM'!U8 -> Perkembangan Nilai-Nilai Agama dan Moral Archie berkembang sesuai dengan usianya. Hal ini ditunjukkan oleh kemampuan Archie mempercayai adanya Tuhan melalui ciptaan-Nya misalnya menyebutkan macam-macam ciptaan Tuhan (benda-benda langit dan berbagai macam binatang). | W2: ='Rangkuman NAM'!V8 -> Untuk dapat mengenal perilaku baik sebagai cerminan akhlak mulia misalnya bertutur kata lembut ketika membalas percakapan masih perlu bimbingan dan motivasi dari para guru dan orang tua secara terus menerus. Terima kasih atas perhatian dan kerja samanya. Tuhan memberkati.
B3: =B2+1 -> 2 | C3: =+'Rangkuman NAM'!C9 -> Carissa Ilona Thionne | D3: ='Rangkuman NAM'!E9 -> 98 | E3: ='Rangkuman NAM'!F9 -> BSB | G3: ='Rangkuman NAM'!H9 -> 76 | H3: ='Rangkuman NAM'!I9 -> BSH | J3: ='Rangkuman NAM'!K9 -> 76 | K3: ='Rangkuman NAM'!L9 -> BSH | M3: ='Rangkuman NAM'!N9 -> 80 | N3: ='Rangkuman NAM'!O9 -> BSH | P3: ='Rangkuman NAM'!Q9 -> 80 | Q3: ='Rangkuman NAM'!R9 -> BSH | S3: ='Rangkuman NAM'!S9 -> 82 | T3: ='Rangkuman NAM'!T9 -> BSH | V3: ='Rangkuman NAM'!U9 -> Perkembangan Nilai-Nilai Agama dan Moral Carissa berkembang sesuai dengan usianya. Hal ini ditunjukkan oleh kemampuan Carissa dapat mempercayai adanya Tuhan melalui ciptaan-Nya misalnya menyebutkan macam-macam ciptaan Tuhan (benda-benda langit, berbagai macam binatang, dan benda-benda di sekitarnya). Pertahankan dan tingkatkan prestasi di kelompok A. Terima kasih atas perhatian dan kerja samanya. Tuhan memberkati. | W3: ='Rangkuman NAM'!V9 -> 0
B4: =B3+1 -> 3 | C4: =+'Rangkuman NAM'!C10 -> Dionysius Alexander Manurung | D4: ='Rangkuman NAM'!E10 -> 80 | E4: ='Rangkuman NAM'!F10 -> BSH | G4: ='Rangkuman NAM'!H10 -> 66.666667 | H4: ='Rangkuman NAM'!I10 -> MB | J4: ='Rangkuman NAM'!K10 -> 70 | K4: ='Rangkuman NAM'!L10 -> MB | M4: ='Rangkuman NAM'!N10 -> 70 | N4: ='Rangkuman NAM'!O10 -> MB | P4: ='Rangkuman NAM'!Q10 -> 76 | Q4: ='Rangkuman NAM'!R10 -> BSH | S4: ='Rangkuman NAM'!S10 -> 72.533333 | T4: ='Rangkuman NAM'!T10 -> MB | V4: ='Rangkuman NAM'!U10 -> Perkembangan Nilai-Nilai Agama dan Moral Dionysius mulai berkembang sesuai dengan usianya. Hal ini ditunjukkan oleh kemampuan Dionysius dapat mempercayai adanya Tuhan melalui ciptaan-Nya misalnya menyebutkan macam-macam ciptaan Tuhan dan buatan manusia. | W4: ='Rangkuman NAM'!V10 -> Untuk dapat menghargai diri sendiri, orang lain, dan lingkungan sekitar sebagai rasa syukur kepada Tuhan misalnya mengucapkan "Puji Tuhan" sebagai tanda syukur masih perlu bimbingan dan motivasi dari para guru dan orang tua secara terus menerus. Terima kasih atas perhatian dan kerja samanya. Tuhan memberkati.
B5: =B4+1 -> 4 | C5: =+'Rangkuman NAM'!C11 -> Ethan Anka Wijaya | D5: ='Rangkuman NAM'!E11 -> 76 | E5: ='Rangkuman NAM'!F11 -> BSH | G5: ='Rangkuman NAM'!H11 -> 68.666667 | H5: ='Rangkuman NAM'!I11 -> MB | J5: ='Rangkuman NAM'!K11 -> 80 | K5: ='Rangkuman NAM'!L11 -> BSH | M5: ='Rangkuman NAM'!N11 -> 74 | N5: ='Rangkuman NAM'!O11 -> MB | P5: ='Rangkuman NAM'!Q11 -> 73 | Q5: ='Rangkuman NAM'!R11 -> MB | S5: ='Rangkuman NAM'!S11 -> 74.333333 | T5: ='Rangkuman NAM'!T11 -> BSH | V5: ='Rangkuman NAM'!U11 -> Perkembangan Nilai-Nilai Agama dan Moral Ethan berkembang sesuai dengan usianya. Hal ini ditunjukkan oleh kemampuan Ethan memiliki perilaku yang mencerminkan sikap jujur misalnya dapat mengatakan yang sebenarnya dengan caranya sendiri terutama yang menyangkut tentang dirinya. | W5: ='Rangkuman NAM'!V11 -> Untuk dapat menghargai diri sendiri, orang lain, dan lingkungan sekitar sebagai rasa syukur kepada Tuhan misalnya mengucapkan "Puji Tuhan" sebagai tanda syukur masih perlu bimbingan dan motivasi dari para guru dan orang tua secara terus menerus. Terima kasih atas perhatian dan kerja samanya. Tuhan memberkati.
B6: =B5+1 -> 5 | C6: =+'Rangkuman NAM'!C12 -> Gregory Dresetutus Bangun | D6: ='Rangkuman NAM'!E12 -> 90 | E6: ='Rangkuman NAM'!F12 -> BSB | G6: ='Rangkuman NAM'!H12 -> 75 | H6: ='Rangkuman NAM'!I12 -> BSH | J6: ='Rangkuman NAM'!K12 -> 80 | K6: ='Rangkuman NAM'!L12 -> BSH | M6: ='Rangkuman NAM'!N12 -> 76 | N6: ='Rangkuman NAM'!O12 -> BSH | P6: ='Rangkuman NAM'!Q12 -> 75 | Q6: ='Rangkuman NAM'!R12 -> BSH | S6: ='Rangkuman NAM'!S12 -> 79.2 | T6: ='Rangkuman NAM'!T12 -> BSH | V6: ='Rangkuman NAM'!U12 -> Perkembangan Nilai-Nilai Agama dan Moral Gregory berkembang sesuai dengan usianya. Hal ini ditunjukkan oleh kemampuan Gregory dapat mempercayai adanya Tuhan melalui ciptaan-Nya misalnya menyebutkan macam-macam ciptaan Tuhan (benda-benda langit, berbagai macam binatang, dan benda-benda di sekitarnya). Pertahankan dan tingkatkan prestasi di kelompok A. Terima kasih atas perhatian dan kerja samanya. Tuhan memberkati. | W6: ='Rangkuman NAM'!V12 -> 0
B7: =B6+1 -> 6 | C7: =+'Rangkuman NAM'!C13 -> Louisa Kinara Putri | D7: ='Rangkuman NAM'!E13 -> 100 | E7: ='Rangkuman NAM'!F13 -> BSB | G7: ='Rangkuman NAM'!H13 -> 70 | H7: ='Rangkuman NAM'!I13 -> MB | J7: ='Rangkuman NAM'!K13 -> 70 | K7: ='Rangkuman NAM'!L13 -> MB | M7: ='Rangkuman NAM'!N13 -> 90 | N7: ='Rangkuman NAM'!O13 -> BSB | P7: ='Rangkuman NAM'!Q13 -> 80 | Q7: ='Rangkuman NAM'!R13 -> BSH | S7: ='Rangkuman NAM'!S13 -> 82 | T7: ='Rangkuman NAM'!T13 -> BSH | V7: ='Rangkuman NAM'!U13 -> Perkembangan Nilai-Nilai Agama dan Moral Kinara berkembang sesuai dengan usianya. Hal ini ditunjukkan oleh kemampuan Kinara dapat mempercayai adanya Tuhan misalnya mengenal macam-macam ciptaan Tuhan dan membedakan dengan buatan manusia. | W7: ='Rangkuman NAM'!V13 -> Untuk dapat menghargai diri sendiri, orang lain, dan lingkungan sekitar sebagai rasa syukur kepada Tuhan misalnya mengucapkan "Puji Tuhan" sebagai tanda syukur dan dapat memiliki perilaku yang mencerminkan sikap jujur misalnya mengatakan alasan yang sebenarnya tidak menghabiskan bekalnya masih perlu bimbingan dan motivasi dari para guru dan orang tua secara terus menerus. Terima kasih atas perhatian dan kerja samanya. Tuhan memberkati.
B8: =B7+1 -> 7 | C8: =+'Rangkuman NAM'!C14 -> Nathania Anjani Hutagaol | D8: ='Rangkuman NAM'!E14 -> 100 | E8: ='Rangkuman NAM'!F14 -> BSB | G8: ='Rangkuman NAM'!H14 -> 75.333333 | H8: ='Rangkuman NAM'!I14 -> BSH | J8: ='Rangkuman NAM'!K14 -> 76 | K8: ='Rangkuman NAM'!L14 -> BSH | M8: ='Rangkuman NAM'!N14 -> 90 | N8: ='Rangkuman NAM'!O14 -> BSB | P8: ='Rangkuman NAM'!Q14 -> 80 | Q8: ='Rangkuman NAM'!R14 -> BSH | S8: ='Rangkuman NAM'!S14 -> 84.266667 | T8: ='Rangkuman NAM'!T14 -> BSH | V8: ='Rangkuman NAM'!U14 -> Perkembangan Nilai-Nilai Agama dan Moral Anjani berkembang sesuai dengan usianya. Hal ini ditunjukkan oleh kemampuan Anjani dapat mempercayai adanya Tuhan misalnya mengenal macam-macam ciptaan Tuhan dan membedakan dengan buatan manusia. Pertahankan dan tingkatkan prestasi di kelompok A. Terima kasih atas perhatian dan kerja samanya. Tuhan memberkati. | W8: ='Rangkuman NAM'!V14 -> 0
B9: =B8+1 -> 8 | C9: =+'Rangkuman NAM'!C15 -> Nathaniel Axelio | D9: ='Rangkuman NAM'!E15 -> 95 | E9: ='Rangkuman NAM'!F15 -> BSB | G9: ='Rangkuman NAM'!H15 -> 74.666667 | H9: ='Rangkuman NAM'!I15 -> BSH | J9: ='Rangkuman NAM'!K15 -> 80 | K9: ='Rangkuman NAM'!L15 -> BSH | M9: ='Rangkuman NAM'!N15 -> 80 | N9: ='Rangkuman NAM'!O15 -> BSH | P9: ='Rangkuman NAM'!Q15 -> 76.666667 | Q9: ='Rangkuman NAM'!R15 -> BSH | S9: ='Rangkuman NAM'!S15 -> 81.266667 | T9: ='Rangkuman NAM'!T15 -> BSH | V9: ='Rangkuman NAM'!U15 -> Perkembangan Nilai-Nilai Agama dan Moral Axelio berkembang sesuai dengan usianya. Hal ini ditunjukkan oleh kemampuan Axelio dapat mempercayai adanya Tuhan melalui ciptaan-Nya misalnya menyebutkan macam-macam ciptaan Tuhan (benda-benda langit, berbagai macam binatang, dan benda-benda di sekitarnya). Pertahankan dan tingkatkan prestasi di kelompok A. Terima kasih atas perhatian dan kerja samanya. Tuhan memberkati. | W9: ='Rangkuman NAM'!V15 -> 0
B10: =B9+1 -> 9 | C10: =+'Rangkuman NAM'!C16 -> Oktaviany Hambali Putri | D10: ='Rangkuman NAM'!E16 -> 80 | E10: ='Rangkuman NAM'!F16 -> BSH | G10: ='Rangkuman NAM'!H16 -> 66.666667 | H10: ='Rangkuman NAM'!I16 -> MB | J10: ='Rangkuman NAM'!K16 -> 70 | K10: ='Rangkuman NAM'!L16 -> MB | M10: ='Rangkuman NAM'!N16 -> 70 | N10: ='Rangkuman NAM'!O16 -> MB | P10: ='Rangkuman NAM'!Q16 -> 70 | Q10: ='Rangkuman NAM'!R16 -> MB | S10: ='Rangkuman NAM'!S16 -> 71.333333 | T10: ='Rangkuman NAM'!T16 -> MB | V10: ='Rangkuman NAM'!U16 -> Perkembangan Nilai-Nilai Agama dan Moral Oktaviany mulai berkembang sesuai dengan usianya. Hal ini ditunjukkan oleh kemampuan Oktaviany dapat mempercayai adanya Tuhan melalui ciptaan-Nya misalnya menyebutkan macam-macam ciptaan Tuhan. | W10: ='Rangkuman NAM'!V16 -> Untuk dapat menghargai diri sendiri, orang lain, dan lingkungan sekitar sebagai rasa syukur kepada Tuhan misalnya mengucapkan "Puji Tuhan" sebagai tanda syukur masih perlu bimbingan dan motivasi dari para guru dan orang tua secara terus menerus. Terima kasih atas perhatian dan kerja samanya. Tuhan memberkati.
B11: =B10+1 -> 10 | C11: =+'Rangkuman NAM'!C17 -> Pelangi Belia Anugerah Siahaan | D11: ='Rangkuman NAM'!E17 -> 70 | E11: ='Rangkuman NAM'!F17 -> MB | G11: ='Rangkuman NAM'!H17 -> 70 | H11: ='Rangkuman NAM'!I17 -> MB | J11: ='Rangkuman NAM'!K17 -> 80 | K11: ='Rangkuman NAM'!L17 -> BSH | M11: ='Rangkuman NAM'!N17 -> 77 | N11: ='Rangkuman NAM'!O17 -> BSH | P11: ='Rangkuman NAM'!Q17 -> 80 | Q11: ='Rangkuman NAM'!R17 -> BSH | S11: ='Rangkuman NAM'!S17 -> 75.4 | T11: ='Rangkuman NAM'!T17 -> BSH | V11: ='Rangkuman NAM'!U17 -> Perkembangan Nilai-Nilai Agama dan Moral Pelangi berkembang sesuai dengan usianya. Hal ini ditunjukkan oleh kemampuan Pelangi dapat memiliki perilaku yang mencerminkan sikap jujur misalnya menunjukkan kesesuaian sikap dan perasaan dan mengenal perilaku baik sebagai cerminan akhlak mulia misalnya mau diarahkan tentang tata cara makan yang baik (menggunakan tangan kanan) | W11: ='Rangkuman NAM'!V17 -> Untuk dapat mempercayai adanya Tuhan melalui ciptaan-Nya misalnya menyebutkan macam-macam ciptaan Tuhan dan menghargai diri sendiri, orang lain, dan lingkungan sekitar sebagai rasa syukur kepada Tuhan misalnya mengucapkan "Puji Tuhan" masih perlu bimbingan dan motivasi dari para guru dan orang tua secara terus menerus. Terima kasih atas perhatian dan kerja samanya. Tuhan memberkati.
B12: =B11+1 -> 11 | C12: =+'Rangkuman NAM'!C18 -> Valencia Laura | D12: ='Rangkuman NAM'!E18 -> 100 | E12: ='Rangkuman NAM'!F18 -> BSB | G12: ='Rangkuman NAM'!H18 -> 70 | H12: ='Rangkuman NAM'!I18 -> MB | J12: ='Rangkuman NAM'!K18 -> 70 | K12: ='Rangkuman NAM'!L18 -> MB | M12: ='Rangkuman NAM'!N18 -> 90 | N12: ='Rangkuman NAM'!O18 -> BSB | P12: ='Rangkuman NAM'!Q18 -> 75 | Q12: ='Rangkuman NAM'!R18 -> BSH | S12: ='Rangkuman NAM'!S18 -> 81 | T12: ='Rangkuman NAM'!T18 -> BSH | V12: ='Rangkuman NAM'!U18 -> Perkembangan Nilai-Nilai Agama dan Moral Laura berkembang sesuai dengan usianya. Hal ini ditunjukkan oleh kemampuan Laura dapat mempercayai adanya Tuhan misalnya mengenal macam-macam ciptaan Tuhan dan membedakan dengan buatan manusia. | W12: ='Rangkuman NAM'!V18 -> Untuk dapat menghargai diri sendiri, orang lain, dan lingkungan sekitar sebagai rasa syukur kepada Tuhan misalnya mengucapkan "Puji Tuhan" sebagai tanda syukur dan dapat memiliki perilaku yang mencerminkan sikap jujur misalnya tidak menyembunyikan potongan kertas saat membuat kolase masih perlu bimbingan dan motivasi dari para guru dan orang tua secara terus menerus. Terima kasih atas perhatian dan kerja samanya. Tuhan memberkati.
B13: =B12+1 -> 12 | C13: =+'Rangkuman NAM'!C19 -> Yocelin Nathania Manalu | D13: ='Rangkuman NAM'!E19 -> 80 | E13: ='Rangkuman NAM'!F19 -> BSH | G13: ='Rangkuman NAM'!H19 -> 65.333333 | H13: ='Rangkuman NAM'!I19 -> MB | J13: ='Rangkuman NAM'!K19 -> 76 | K13: ='Rangkuman NAM'!L19 -> BSH | M13: ='Rangkuman NAM'!N19 -> 76 | N13: ='Rangkuman NAM'!O19 -> BSH | P13: ='Rangkuman NAM'!Q19 -> 80 | Q13: ='Rangkuman NAM'!R19 -> BSH | S13: ='Rangkuman NAM'!S19 -> 75.466667 | T13: ='Rangkuman NAM'!T19 -> BSH | V13: ='Rangkuman NAM'!U19 -> Perkembangan Nilai-Nilai Agama dan Moral Nathania berkembang sesuai dengan usianya. Hal ini ditunjukkan oleh kemampuan Nathania dapat mempercayai adanya Tuhan misalnya mengenal macam-macam ciptaan Tuhan dan mengenal perilaku baik sebagai cerminan akhlak mulia misalnya bertutur kata sopan terhadap orang tua. | W13: ='Rangkuman NAM'!V19 -> Untuk dapat menghargai diri sendiri, orang lain, dan lingkungan sekitar sebagai rasa syukur kepada Tuhan misalnya mengucapkan "Puji Tuhan" sebagai tanda syukur masih perlu bimbingan dan motivasi dari para guru dan orang tua secara terus menerus. Terima kasih atas perhatian dan kerja samanya. Tuhan memberkati.
B14: =B13+1 -> 13 | C14: =+'Rangkuman NAM'!C20 -> 0 | D14: ='Rangkuman NAM'!E20 -> #DIV/0! | E14: ='Rangkuman NAM'!F20 -> #DIV/0! | G14: ='Rangkuman NAM'!H20 -> #DIV/0! | H14: ='Rangkuman NAM'!I20 -> #DIV/0! | J14: ='Rangkuman NAM'!K20 -> #DIV/0! | K14: ='Rangkuman NAM'!L20 -> #DIV/0! | M14: ='Rangkuman NAM'!N20 -> #DIV/0! | N14: ='Rangkuman NAM'!O20 -> #DIV/0! | P14: ='Rangkuman NAM'!Q20 -> #DIV/0! | Q14: ='Rangkuman NAM'!R20 -> #DIV/0! | S14: ='Rangkuman NAM'!S20 -> #DIV/0! | T14: ='Rangkuman NAM'!T20 -> #DIV/0! | V14: ='Rangkuman NAM'!U20 -> Perkembangan Nilai-Nilai Agama dan Moral Nolan berkembang sesuai dengan usianya. Hal ini ditunjukkan oleh kemampuan Nolan dapat mempercayai adanya Tuhan melalui ciptaan-Nya misalnya membedakan benda hidup (tanaman, hewan, dan manusia) ciptaan Tuhan dan gambar benda mati (gambar tanaman, gambar hewan, dan gambar manusia) buatan manusia. Pertahankan dan tingkatkan prestasi di semester berikutnya. Terima kasih atas perhatian dan kerja samanya. Tuhan memberkati. | W14: ='Rangkuman NAM'!V20 -> 0
... B18: =B17+1 -> 17 | C18: =+'Rangkuman NAM'!C24 -> 0 | D18: ='Rangkuman NAM'!E24 -> 0 | E18: ='Rangkuman NAM'!F24 -> 0 | G18: ='Rangkuman NAM'!H24 -> 0 | H18: ='Rangkuman NAM'!I24 -> 0 | J18: ='Rangkuman NAM'!K24 -> 0 | K18: ='Rangkuman NAM'!L24 -> 0 | M18: ='Rangkuman NAM'!N24 -> 0 | N18: ='Rangkuman NAM'!O24 -> 0 | P18: ='Rangkuman NAM'!Q24 -> 0 | Q18: ='Rangkuman NAM'!R24 -> 0 | S18: ='Rangkuman NAM'!S24 -> 0 | T18: ='Rangkuman NAM'!T24 -> 0 | V18: ='Rangkuman NAM'!U24 -> 0 | W18: ='Rangkuman NAM'!V24 -> 0
B19: =B18+1 -> 18
B20: =B19+1 -> 19
B21: =B20+1 -> 20
B22: =B21+1 -> 21
B23: =B22+1 -> 22
B24: =B23+1 -> 23
B25: =B24+1 -> 24
B26: =B25+1 -> 25
B27: =B26+1 -> 26
B28: =B27+1 -> 27
B29: =B28+1 -> 28
B30: =B29+1 -> 29
C31: Rerata Daya Serap | D31: =+#REF! -> #REF! | E31: =IF(D31>95,"A+",IF(D31>79.9,"A",IF(D31>74,"B",IF(D31>59,"C",IF(D31>39,"K","KS"))))) -> #REF! | G31: =+#REF! -> #REF! | H31: =IF(G31>95,"A+",IF(G31>79.9,"A",IF(G31>74,"B",IF(G31>59,"C",IF(G31>39,"K","KS"))))) -> #REF! | J31: =+#REF! -> #REF! | K31: =IF(J31>95,"A+",IF(J31>79.9,"A",IF(J31>74,"B",IF(J31>59,"C",IF(J31>39,"K","KS"))))) -> #REF! | M31: =+#REF! -> #REF! | N31: =IF(M31>95,"A+",IF(M31>79.9,"A",IF(M31>74,"B",IF(M31>59,"C",IF(M31>39,"K","KS"))))) -> #REF! | P31: ='Rangkuman NAM'!Q37 -> 0 | Q31: ='Rangkuman NAM'!R37 -> 0 | S31: ='Rangkuman NAM'!S37 -> 0 | T31: ='Rangkuman NAM'!T37 -> 0 | V31: ='Rangkuman NAM'!U37 -> 0 | W31: ='Rangkuman NAM'!V37 -> 0
B33: Memeriksa/Menyetujui
B34: Kepala TKK Mater Dei
B37: Sr. Rita Maria SPM, S.Pd
